0.000000,0.000000,0.000000,0.200000,0.000000,-0.400000,1.060000,3.926991,-1.570796,0.000000
0.000000,0.000000,0.000000,0.200000,0.000000,-0.400000,1.060000,3.926991,-1.570796,0.000000
-0.000001,0.000000,-0.000000,0.200000,-0.000000,-0.400000,1.060000,3.926991,-1.570796,0.000001
-0.000003,0.000000,0.000003,0.200000,-0.000003,-0.400000,1.060001,3.926990,-1.570797,0.000005
-0.000008,-0.000000,0.000009,0.199999,-0.000011,-0.399999,1.060002,3.926989,-1.570797,0.000013
-0.000017,-0.000000,0.000020,0.199998,-0.000024,-0.399999,1.060003,3.926988,-1.570798,0.000028
-0.000032,-0.000000,0.000038,0.199996,-0.000044,-0.399998,1.060006,3.926986,-1.570799,0.000052
-0.000052,-0.000000,0.000063,0.199993,-0.000072,-0.399996,1.060010,3.926982,-1.570801,0.000085
-0.000080,-0.000000,0.000097,0.199989,-0.000111,-0.399994,1.060016,3.926978,-1.570804,0.000129
-0.000116,-0.000000,0.000141,0.199984,-0.000162,-0.399991,1.060023,3.926973,-1.570807,0.000188
-0.000160,-0.000000,0.000196,0.199978,-0.000225,-0.399988,1.060031,3.926966,-1.570811,0.000260
-0.000215,-0.000000,0.000264,0.199971,-0.000303,-0.399984,1.060042,3.926957,-1.570816,0.000349
-0.000281,-0.000000,0.000345,0.199962,-0.000396,-0.399979,1.060054,3.926947,-1.570822,0.000456
-0.000359,-0.000000,0.000442,0.199951,-0.000507,-0.399973,1.060069,3.926936,-1.570829,0.000582
-0.000450,-0.000000,0.000554,0.199939,-0.000635,-0.399966,1.060085,3.926922,-1.570837,0.000728
-0.000554,-0.000000,0.000684,0.199925,-0.000783,-0.399958,1.060105,3.926907,-1.570846,0.000897
-0.000673,-0.000000,0.000831,0.199909,-0.000952,-0.399949,1.060126,3.926890,-1.570857,0.001089
-0.000807,-0.000000,0.000998,0.199890,-0.001143,-0.399939,1.060150,3.926870,-1.570869,0.001305
-0.000957,-0.000001,0.001185,0.199870,-0.001357,-0.399927,1.060177,3.926849,-1.570883,0.001549
-0.001125,-0.000001,0.001393,0.199847,-0.001594,-0.399914,1.060207,3.926825,-1.570898,0.001819
-0.001309,-0.000001,0.001622,0.199821,-0.001857,-0.399900,1.060239,3.926799,-1.570914,0.002117
-0.001513,-0.000001,0.001875,0.199793,-0.002146,-0.399884,1.060274,3.926771,-1.570933,0.002446
-0.001735,-0.000002,0.002152,0.199763,-0.002462,-0.399866,1.060312,3.926740,-1.570953,0.002807
-0.001978,-0.000002,0.002452,0.199729,-0.002805,-0.399847,1.060354,3.926707,-1.570975,0.003199
-0.002242,-0.000003,0.002779,0.199693,-0.003179,-0.399825,1.060398,3.926671,-1.570998,0.003626
-0.002527,-0.000004,0.003131,0.199653,-0.003581,-0.399802,1.060445,3.926633,-1.571024,0.004087
-0.002833,-0.000005,0.003509,0.199611,-0.004013,-0.399777,1.060495,3.926593,-1.571052,0.004582
-0.003164,-0.000006,0.003917,0.199565,-0.004478,-0.399750,1.060548,3.926550,-1.571082,0.005118
-0.003517,-0.000007,0.004349,0.199516,-0.004972,-0.399721,1.060604,3.926504,-1.571113,0.005688
-0.003895,-0.000009,0.004812,0.199464,-0.005500,-0.399689,1.060664,3.926456,-1.571147,0.006300
-0.004297,-0.000011,0.005302,0.199408,-0.006060,-0.399655,1.060725,3.926406,-1.571184,0.006951
-0.004725,-0.000013,0.005822,0.199349,-0.006653,-0.399619,1.060790,3.926353,-1.571222,0.007643
-0.005177,-0.000016,0.006370,0.199286,-0.007279,-0.399580,1.060858,3.926297,-1.571263,0.008376
-0.005658,-0.000019,0.006950,0.199219,-0.007941,-0.399538,1.060928,3.926239,-1.571306,0.009156
-0.006167,-0.000022,0.007561,0.199149,-0.008638,-0.399493,1.061001,3.926179,-1.571352,0.009980
-0.006701,-0.000026,0.008200,0.199074,-0.009368,-0.399445,1.061076,3.926117,-1.571400,0.010848
-0.007264,-0.000031,0.008869,0.198996,-0.010131,-0.399394,1.061154,3.926052,-1.571451,0.011760
-0.007856,-0.000036,0.009569,0.198914,-0.010930,-0.399340,1.061234,3.925986,-1.571505,0.012722
-0.008476,-0.000042,0.010299,0.198828,-0.011763,-0.399283,1.061316,3.925917,-1.571561,0.013730
-0.009129,-0.000049,0.011062,0.198737,-0.012634,-0.399222,1.061400,3.925846,-1.571620,0.014790
-0.009808,-0.000056,0.011852,0.198642,-0.013534,-0.399158,1.061485,3.925774,-1.571681,0.015896
-0.010520,-0.000065,0.012674,0.198543,-0.014472,-0.399090,1.061573,3.925700,-1.571745,0.017055
-0.011265,-0.000074,0.013528,0.198439,-0.015447,-0.399018,1.061662,3.925624,-1.571813,0.018269
-0.012038,-0.000085,0.014408,0.198332,-0.016451,-0.398942,1.061751,3.925546,-1.571882,0.019530
-0.012847,-0.000096,0.015322,0.198219,-0.017493,-0.398862,1.061843,3.925467,-1.571956,0.020850
-0.013687,-0.000109,0.016264,0.198102,-0.018567,-0.398777,1.061935,3.925387,-1.572032,0.022222
-0.014561,-0.000123,0.017237,0.197980,-0.019676,-0.398688,1.062027,3.925306,-1.572111,0.023652
-0.015467,-0.000139,0.018235,0.197853,-0.020814,-0.398595,1.062120,3.925224,-1.572193,0.025134
-0.016406,-0.000156,0.019260,0.197722,-0.021984,-0.398497,1.062214,3.925141,-1.572278,0.026672
-0.017376,-0.000175,0.020312,0.197587,-0.023182,-0.398395,1.062307,3.925057,-1.572366,0.028265
-0.018384,-0.000195,0.021393,0.197446,-0.024414,-0.398288,1.062400,3.924973,-1.572457,0.029920
-0.019428,-0.000218,0.022501,0.197300,-0.025677,-0.398175,1.062493,3.924888,-1.572552,0.031636
-0.020509,-0.000242,0.023637,0.197149,-0.026972,-0.398057,1.062585,3.924803,-1.572650,0.033416
-0.021622,-0.000268,0.024795,0.196994,-0.028292,-0.397934,1.062677,3.924718,-1.572751,0.035252
-0.022771,-0.000297,0.025976,0.196833,-0.029639,-0.397806,1.062767,3.924633,-1.572855,0.037147
-0.023957,-0.000328,0.027183,0.196667,-0.031014,-0.397672,1.062857,3.924547,-1.572963,0.039109
-0.025178,-0.000361,0.028410,0.196496,-0.032412,-0.397533,1.062945,3.924463,-1.573074,0.041130
-0.026435,-0.000397,0.029659,0.196320,-0.033835,-0.397388,1.063031,3.924379,-1.573189,0.043214
-0.027728,-0.000435,0.030928,0.196139,-0.035281,-0.397238,1.063116,3.924295,-1.573306,0.045362
-0.029059,-0.000476,0.032218,0.195952,-0.036750,-0.397082,1.063199,3.924212,-1.573428,0.047576
-0.030429,-0.000520,0.033528,0.195760,-0.038242,-0.396919,1.063280,3.924131,-1.573552,0.049858
-0.031829,-0.000567,0.034849,0.195563,-0.039748,-0.396752,1.063359,3.924050,-1.573680,0.052195
-0.033278,-0.000618,0.036198,0.195360,-0.041283,-0.396577,1.063435,3.923970,-1.573812,0.054618
-0.034756,-0.000671,0.037554,0.195152,-0.042828,-0.396397,1.063509,3.923892,-1.573947,0.057094
-0.036270,-0.000728,0.038924,0.194939,-0.044388,-0.396211,1.063580,3.923815,-1.574085,0.059635
-0.037826,-0.000789,0.040312,0.194720,-0.045967,-0.396019,1.063649,3.923740,-1.574227,0.062252
-0.039423,-0.000853,0.041714,0.194495,-0.047564,-0.395820,1.063715,3.923667,-1.574373,0.064942
-0.041057,-0.000921,0.043127,0.194265,-0.049172,-0.395615,1.063778,3.923595,-1.574522,0.067701
-0.042722,-0.000993,0.044543,0.194030,-0.050784,-0.395404,1.063838,3.923525,-1.574674,0.070517
-0.044435,-0.001070,0.045978,0.193788,-0.052417,-0.395186,1.063895,3.923458,-1.574830,0.073423
-0.046175,-0.001150,0.047410,0.193542,-0.054047,-0.394963,1.063948,3.923392,-1.574989,0.076378
-0.047965,-0.001235,0.048859,0.193289,-0.055696,-0.394733,1.063999,3.923329,-1.575153,0.079426
-0.049782,-0.001323,0.050305,0.193032,-0.057340,-0.394497,1.064046,3.923269,-1.575318,0.082526
-0.051643,-0.001417,0.051760,0.192769,-0.058996,-0.394255,1.064090,3.923210,-1.575488,0.085710
-0.053547,-0.001516,0.053223,0.192499,-0.060659,-0.394005,1.064131,3.923155,-1.575662,0.088974
-0.055481,-0.001619,0.054680,0.192224,-0.062316,-0.393751,1.064168,3.923102,-1.575839,0.092296
-0.057464,-0.001727,0.056147,0.191943,-0.063985,-0.393489,1.064202,3.923052,-1.576019,0.095712
-0.059472,-0.001840,0.057605,0.191657,-0.065642,-0.393222,1.064233,3.923005,-1.576202,0.099179
-0.061532,-0.001959,0.059072,0.191364,-0.067310,-0.392948,1.064261,3.922961,-1.576390,0.102745
-0.063620,-0.002082,0.060529,0.191067,-0.068966,-0.392668,1.064285,3.922920,-1.576580,0.106367
-0.065748,-0.002211,0.061985,0.190763,-0.070621,-0.392383,1.064305,3.922882,-1.576774,0.110069
-0.067917,-0.002346,0.063439,0.190453,-0.072273,-0.392091,1.064323,3.922847,-1.576971,0.113851
-0.070115,-0.002486,0.064882,0.190139,-0.073912,-0.391794,1.064337,3.922816,-1.577171,0.117694
-0.072363,-0.002632,0.066326,0.189818,-0.075552,-0.391490,1.064348,3.922788,-1.577374,0.121633
-0.074647,-0.002783,0.067763,0.189490,-0.077184,-0.391180,1.064356,3.922763,-1.577581,0.125646
-0.076955,-0.002940,0.069184,0.189159,-0.078797,-0.390866,1.064360,3.922743,-1.577790,0.129714
-0.079311,-0.003103,0.070601,0.188821,-0.080406,-0.390545,1.064361,3.922725,-1.578003,0.133874
-0.081709,-0.003273,0.072012,0.188476,-0.082008,-0.390218,1.064360,3.922712,-1.578219,0.138122
-0.084138,-0.003448,0.073409,0.188127,-0.083593,-0.389886,1.064355,3.922702,-1.578437,0.142434
-0.086607,-0.003630,0.074796,0.187771,-0.085167,-0.389548,1.064347,3.922696,-1.578659,0.146830
-0.089107,-0.003817,0.076168,0.187410,-0.086723,-0.389205,1.064337,3.922694,-1.578883,0.151294
-0.091642,-0.004010,0.077525,0.187043,-0.088263,-0.388858,1.064324,3.922696,-1.579110,0.155830
-0.094226,-0.004211,0.078876,0.186670,-0.089795,-0.388503,1.064307,3.922703,-1.579340,0.160467
-0.096830,-0.004417,0.080205,0.186292,-0.091301,-0.388145,1.064288,3.922713,-1.579572,0.165155
-0.099489,-0.004631,0.081527,0.185906,-0.092801,-0.387780,1.064267,3.922727,-1.579808,0.169952
-0.102164,-0.004849,0.082825,0.185518,-0.094271,-0.387413,1.064242,3.922746,-1.580044,0.174791
-0.104889,-0.005075,0.084113,0.185121,-0.095731,-0.387038,1.064215,3.922769,-1.580284,0.179734
-0.107648,-0.005308,0.085384,0.184719,-0.097171,-0.386659,1.064186,3.922797,-1.580526,0.184754
-0.110435,-0.005547,0.086635,0.184313,-0.098587,-0.386276,1.064154,3.922829,-1.580770,0.189837
-0.113253,-0.005791,0.087866,0.183901,-0.099981,-0.385889,1.064120,3.922866,-1.581016,0.194989
-0.116118,-0.006044,0.089084,0.183482,-0.101361,-0.385496,1.064083,3.922907,-1.581264,0.200241
-0.119005,-0.006302,0.090279,0.183059,-0.102713,-0.385100,1.064044,3.922953,-1.581514,0.205549
-0.121940,-0.006567,0.091461,0.182628,-0.104051,-0.384697,1.064002,3.923005,-1.581766,0.210960
-0.124894,-0.006838,0.092618,0.182194,-0.105359,-0.384293,1.063959,3.923060,-1.582019,0.216418
-0.127901,-0.007118,0.093763,0.181752,-0.106654,-0.383881,1.063912,3.923121,-1.582275,0.221990
-0.130916,-0.007401,0.094879,0.181307,-0.107916,-0.383469,1.063865,3.923187,-1.582530,0.227592
-0.133988,-0.007693,0.095983,0.180854,-0.109164,-0.383049,1.063814,3.923258,-1.582789,0.233313
-0.137081,-0.007991,0.097064,0.180397,-0.110385,-0.382627,1.063762,3.923334,-1.583048,0.239089
-0.140196,-0.008295,0.098120,0.179936,-0.111579,-0.382203,1.063708,3.923415,-1.583307,0.244921
-0.143365,-0.008606,0.099164,0.179466,-0.112757,-0.381771,1.063651,3.923502,-1.583569,0.250867
-0.146555,-0.008924,0.100184,0.178992,-0.113908,-0.381338,1.063593,3.923594,-1.583831,0.256871
-0.149764,-0.009246,0.101179,0.178515,-0.115032,-0.380902,1.063533,3.923691,-1.584093,0.262924
-0.153027,-0.009578,0.102161,0.178029,-0.116139,-0.380460,1.063471,3.923795,-1.584357,0.269095
-0.156303,-0.009914,0.103116,0.177541,-0.117218,-0.380017,1.063407,3.923903,-1.584620,0.275305
-0.159606,-0.010255,0.104051,0.177047,-0.118271,-0.379571,1.063342,3.924017,-1.584883,0.281582
-0.162957,-0.010605,0.104970,0.176546,-0.119307,-0.379120,1.063274,3.924137,-1.585148,0.287964
-0.166322,-0.010960,0.105864,0.176042,-0.120314,-0.378667,1.063205,3.924262,-1.585411,0.294389
-0.169722,-0.011321,0.106739,0.175532,-0.121301,-0.378211,1.063134,3.924393,-1.585675,0.300897
-0.173161,-0.011690,0.107597,0.175015,-0.122267,-0.377750,1.063061,3.924531,-1.585939,0.307495
-0.176608,-0.012062,0.108429,0.174496,-0.123204,-0.377289,1.062987,3.924673,-1.586202,0.314122
-0.180100,-0.012442,0.109246,0.173969,-0.124123,-0.376823,1.062911,3.924823,-1.586465,0.320854
-0.183609,-0.012827,0.110040,0.173440,-0.125016,-0.376355,1.062833,3.924977,-1.586726,0.327632
-0.187150,-0.013218,0.110816,0.172904,-0.125888,-0.375885,1.062754,3.925138,-1.586987,0.334487
-0.190720,-0.013615,0.111573,0.172363,-0.126739,-0.375412,1.062674,3.925305,-1.587247,0.341413
-0.194313,-0.014018,0.112309,0.171818,-0.127567,-0.374936,1.062592,3.925478,-1.587506,0.348399
-0.197933,-0.014426,0.113027,0.171268,-0.128373,-0.374458,1.062508,3.925657,-1.587764,0.355454
-0.201568,-0.014839,0.113724,0.170715,-0.129156,-0.373980,1.062423,3.925842,-1.588019,0.362552
-0.205238,-0.015258,0.114404,0.170156,-0.129920,-0.373498,1.062337,3.926033,-1.588273,0.369732
-0.208942,-0.015684,0.115068,0.169590,-0.130665,-0.373012,1.062249,3.926231,-1.588526,0.376996
-0.212662,-0.016114,0.115713,0.169022,-0.131388,-0.372526,1.062160,3.926434,-1.588777,0.384305
-0.216391,-0.016547,0.116337,0.168451,-0.132088,-0.372039,1.062069,3.926643,-1.589024,0.391646
-0.220172,-0.016989,0.116948,0.167871,-0.132773,-0.371548,1.061977,3.926860,-1.589271,0.399102
-0.223946,-0.017432,0.117538,0.167291,-0.133434,-0.371058,1.061884,3.927081,-1.589514,0.406561
-0.227772,-0.017884,0.118115,0.166702,-0.134081,-0.370563,1.061790,3.927310,-1.589756,0.414137
-0.231589,-0.018337,0.118672,0.166114,-0.134704,-0.370070,1.061694,3.927543,-1.589993,0.421708
-0.235452,-0.018798,0.119215,0.165518,-0.135313,-0.369573,1.061597,3.927784,-1.590229,0.429383
-0.239327,-0.019262,0.119742,0.164919,-0.135902,-0.369075,1.061500,3.928030,-1.590461,0.437098
-0.243227,-0.019731,0.120253,0.164315,-0.136475,-0.368576,1.061400,3.928283,-1.590690,0.444874
-0.247139,-0.020204,0.120748,0.163709,-0.137029,-0.368076,1.061300,3.928541,-1.590916,0.452687
-0.251074,-0.020681,0.121229,0.163097,-0.137567,-0.367575,1.061199,3.928805,-1.591138,0.460562
-0.255035,-0.021164,0.121696,0.162481,-0.138089,-0.367072,1.061096,3.929076,-1.591356,0.468498
-0.258993,-0.021648,0.122147,0.161865,-0.138593,-0.366571,1.060993,3.929351,-1.591570,0.476443
-0.263001,-0.022140,0.122587,0.161239,-0.139085,-0.366064,1.060888,3.929635,-1.591782,0.484501
-0.267003,-0.022633,0.123011,0.160614,-0.139559,-0.365560,1.060783,3.929922,-1.591988,0.492556
-0.271017,-0.023129,0.123421,0.159985,-0.140018,-0.365056,1.060677,3.930215,-1.592189,0.500650
-0.275076,-0.023633,0.123821,0.159349,-0.140465,-0.364548,1.060569,3.930516,-1.592388,0.508844
-0.279123,-0.024136,0.124205,0.158713,-0.140895,-0.364043,1.060461,3.930820,-1.592580,0.517026
-0.283193,-0.024644,0.124578,0.158073,-0.141313,-0.363536,1.060352,3.931130,-1.592768,0.525265
-0.287290,-0.025158,0.124940,0.157427,-0.141718,-0.363027,1.060242,3.931447,-1.592952,0.533571
-0.291386,-0.025672,0.125289,0.156781,-0.142108,-0.362520,1.060131,3.931768,-1.593130,0.541884
-0.295505,-0.026191,0.125628,0.156130,-0.142487,-0.362012,1.060019,3.932094,-1.593304,0.550252
-0.299641,-0.026713,0.125955,0.155475,-0.142854,-0.361503,1.059906,3.932427,-1.593472,0.558667
-0.303790,-0.027238,0.126272,0.154818,-0.143209,-0.360994,1.059793,3.932764,-1.593635,0.567117
-0.307957,-0.027767,0.126578,0.154156,-0.143553,-0.360484,1.059679,3.933107,-1.593793,0.575612
-0.312121,-0.028297,0.126874,0.153493,-0.143884,-0.359977,1.059564,3.933454,-1.593945,0.584111
-0.316285,-0.028829,0.127158,0.152830,-0.144204,-0.359470,1.059449,3.933804,-1.594090,0.592617
-0.320477,-0.029365,0.127434,0.152161,-0.144514,-0.358962,1.059333,3.934161,-1.594231,0.601189
-0.324690,-0.029904,0.127701,0.151488,-0.144815,-0.358453,1.059216,3.934522,-1.594366,0.609810
-0.328889,-0.030443,0.127958,0.150816,-0.145104,-0.357947,1.059099,3.934887,-1.594494,0.618412
-0.333120,-0.030988,0.128207,0.150137,-0.145385,-0.357439,1.058981,3.935258,-1.594616,0.627085
-0.337357,-0.031534,0.128447,0.149457,-0.145656,-0.356931,1.058862,3.935632,-1.594733,0.635777
-0.341578,-0.032079,0.128677,0.148778,-0.145917,-0.356427,1.058743,3.936009,-1.594842,0.644443
-0.345834,-0.032630,0.128901,0.148093,-0.146171,-0.355920,1.058623,3.936392,-1.594946,0.653186
-0.350088,-0.033181,0.129116,0.147406,-0.146415,-0.355416,1.058503,3.936778,-1.595043,0.661930
-0.354345,-0.033734,0.129323,0.146718,-0.146651,-0.354912,1.058382,3.937167,-1.595133,0.670686
-0.358600,-0.034287,0.129523,0.146030,-0.146879,-0.354410,1.058262,3.937559,-1.595217,0.679442
-0.362871,-0.034844,0.129715,0.145337,-0.147100,-0.353908,1.058140,3.937955,-1.595295,0.688236
-0.367159,-0.035403,0.129901,0.144641,-0.147313,-0.353405,1.058018,3.938356,-1.595365,0.697067
-0.371449,-0.035963,0.130080,0.143943,-0.147519,-0.352903,1.057895,3.938760,-1.595430,0.705907
-0.375720,-0.036522,0.130251,0.143248,-0.147717,-0.352406,1.057773,3.939164,-1.595486,0.714710
-0.380000,-0.037083,0.130416,0.142549,-0.147909,-0.351908,1.057650,3.939572,-1.595537,0.723535
-0.384301,-0.037647,0.130576,0.141847,-0.148095,-0.351410,1.057527,3.939983,-1.595580,0.732405
-0.388604,-0.038212,0.130729,0.141143,-0.148274,-0.350913,1.057403,3.940398,-1.595617,0.741279
-0.392894,-0.038776,0.130876,0.140439,-0.148447,-0.350419,1.057279,3.940813,-1.595646,0.750130
-0.397170,-0.039339,0.131016,0.139737,-0.148613,-0.349928,1.057155,3.941229,-1.595669,0.758952
-0.401474,-0.039906,0.131152,0.139029,-0.148774,-0.349436,1.057031,3.941650,-1.595685,0.767834
-0.405775,-0.040473,0.131282,0.138321,-0.148929,-0.348945,1.056906,3.942072,-1.595694,0.776706
-0.410058,-0.041039,0.131406,0.137615,-0.149079,-0.348458,1.056782,3.942494,-1.595695,0.785545
-0.414367,-0.041608,0.131526,0.136903,-0.149224,-0.347969,1.056656,3.942921,-1.595690,0.794433
-0.418657,-0.042176,0.131640,0.136192,-0.149364,-0.347484,1.056529,3.943348,-1.595678,0.803283
-0.422946,-0.042744,0.131749,0.135481,-0.149498,-0.347000,1.056401,3.943778,-1.595659,0.812127
-0.427242,-0.043313,0.131854,0.134767,-0.149628,-0.346518,1.056272,3.944211,-1.595633,0.820984
-0.431511,-0.043879,0.131954,0.134056,-0.149753,-0.346039,1.056141,3.944644,-1.595600,0.829780
-0.435792,-0.044448,0.132049,0.133341,-0.149874,-0.345561,1.056009,3.945081,-1.595561,0.838600
-0.440089,-0.045018,0.132141,0.132622,-0.149991,-0.345083,1.055874,3.945522,-1.595514,0.847447
-0.444344,-0.045584,0.132227,0.131908,-0.150102,-0.344612,1.055738,3.945962,-1.595461,0.856205
-0.448635,-0.046154,0.132310,0.131187,-0.150211,-0.344138,1.055599,3.946410,-1.595400,0.865030
-0.452891,-0.046721,0.132389,0.130469,-0.150315,-0.343670,1.055458,3.946856,-1.595334,0.873780
-0.457145,-0.047287,0.132463,0.129749,-0.150415,-0.343204,1.055316,3.947306,-1.595260,0.882519
-0.461397,-0.047854,0.132534,0.129028,-0.150511,-0.342741,1.055171,3.947758,-1.595181,0.891246
-0.465642,-0.048420,0.132601,0.128305,-0.150603,-0.342281,1.055025,3.948214,-1.595094,0.899955
-0.469868,-0.048984,0.132665,0.127583,-0.150692,-0.341825,1.054876,3.948670,-1.595001,0.908616
-0.474108,-0.049549,0.132725,0.126857,-0.150778,-0.341370,1.054725,3.949132,-1.594902,0.917298
-0.478315,-0.050111,0.132781,0.126134,-0.150860,-0.340922,1.054573,3.949593,-1.594797,0.925907
-0.482538,-0.050675,0.132834,0.125405,-0.150938,-0.340475,1.054418,3.950060,-1.594685,0.934539
-0.486734,-0.051236,0.132883,0.124678,-0.151014,-0.340033,1.054261,3.950527,-1.594567,0.943107
-0.490931,-0.051797,0.132930,0.123949,-0.151086,-0.339594,1.054102,3.950998,-1.594443,0.951670
-0.495110,-0.052356,0.132973,0.123221,-0.151155,-0.339158,1.053941,3.951469,-1.594313,0.960186
-0.499267,-0.052912,0.133012,0.122495,-0.151221,-0.338726,1.053778,3.951939,-1.594178,0.968648
-0.503440,-0.053470,0.133049,0.121765,-0.151284,-0.338293,1.053613,3.952413,-1.594036,0.977135
-0.507579,-0.054024,0.133083,0.121039,-0.151344,-0.337866,1.053445,3.952886,-1.593889,0.985543
-0.511699,-0.054576,0.133113,0.120314,-0.151401,-0.337443,1.053277,3.953358,-1.593737,0.993901
-0.515830,-0.055129,0.133141,0.119584,-0.151456,-0.337020,1.053105,3.953835,-1.593578,1.002271
-0.519933,-0.055678,0.133166,0.118858,-0.151508,-0.336603,1.052932,3.954310,-1.593415,1.010574
-0.524025,-0.056226,0.133188,0.118131,-0.151557,-0.336189,1.052756,3.954787,-1.593247,1.018844
-0.528101,-0.056772,0.133207,0.117405,-0.151603,-0.335779,1.052579,3.955265,-1.593074,1.027070
-0.532149,-0.057315,0.133223,0.116681,-0.151647,-0.335375,1.052401,3.955742,-1.592896,1.035228
-0.536204,-0.057858,0.133237,0.115953,-0.151689,-0.334972,1.052220,3.956222,-1.592712,1.043390
-0.540229,-0.058398,0.133248,0.115228,-0.151727,-0.334575,1.052038,3.956702,-1.592525,1.051479
-0.544236,-0.058935,0.133257,0.114503,-0.151764,-0.334183,1.051855,3.957182,-1.592333,1.059520
-0.548232,-0.059471,0.133263,0.113777,-0.151798,-0.333796,1.051670,3.957664,-1.592136,1.067525
-0.552196,-0.060002,0.133267,0.113055,-0.151830,-0.333415,1.051484,3.958145,-1.591936,1.075456
-0.556155,-0.060533,0.133268,0.112330,-0.151859,-0.333037,1.051296,3.958629,-1.591731,1.083363
-0.560106,-0.061063,0.133267,0.111603,-0.151887,-0.332664,1.051106,3.959114,-1.591521,1.091243
-0.564010,-0.061586,0.133264,0.110882,-0.151912,-0.332299,1.050916,3.959597,-1.591309,1.099014
-0.567920,-0.062110,0.133258,0.110157,-0.151934,-0.331937,1.050724,3.960084,-1.591092,1.106786
-0.571801,-0.062630,0.133250,0.109433,-0.151955,-0.331582,1.050531,3.960570,-1.590872,1.114487
-0.575658,-0.063147,0.133240,0.108711,-0.151974,-0.331233,1.050337,3.961057,-1.590649,1.122126
-0.579491,-0.063661,0.133227,0.107989,-0.151990,-0.330891,1.050142,3.961545,-1.590422,1.129705
-0.583305,-0.064172,0.133213,0.107268,-0.152005,-0.330555,1.049947,3.962033,-1.590193,1.137234
-0.587092,-0.064680,0.133196,0.106548,-0.152017,-0.330225,1.049751,3.962522,-1.589960,1.144694
-0.590870,-0.065186,0.133178,0.105825,-0.152028,-0.329901,1.049553,3.963014,-1.589725,1.152124
-0.594609,-0.065687,0.133157,0.105107,-0.152037,-0.329585,1.049355,3.963504,-1.589487,1.159463
-0.598326,-0.066185,0.133135,0.104389,-0.152043,-0.329276,1.049157,3.963995,-1.589247,1.166746
-0.602035,-0.066681,0.133110,0.103668,-0.152048,-0.328973,1.048958,3.964489,-1.589003,1.174001
-0.605720,-0.067175,0.133084,0.102947,-0.152051,-0.328676,1.048757,3.964984,-1.588758,1.181193
-0.609354,-0.067661,0.133056,0.102233,-0.152052,-0.328389,1.048558,3.965476,-1.588511,1.188272
-0.612992,-0.068148,0.133025,0.101513,-0.152052,-0.328108,1.048357,3.965974,-1.588262,1.195346
-0.616578,-0.068628,0.132994,0.100800,-0.152050,-0.327836,1.048158,3.966468,-1.588012,1.202303
-0.620165,-0.069108,0.132961,0.100082,-0.152046,-0.327569,1.047956,3.966967,-1.587758,1.209250
-0.623712,-0.069582,0.132926,0.099367,-0.152041,-0.327311,1.047755,3.967466,-1.587504,1.216106
-0.627229,-0.070053,0.132890,0.098653,-0.152034,-0.327062,1.047554,3.967965,-1.587249,1.222889
-0.630726,-0.070520,0.132852,0.097940,-0.152026,-0.326820,1.047353,3.968466,-1.586993,1.229620
-0.634179,-0.070982,0.132813,0.097230,-0.152016,-0.326587,1.047153,3.968965,-1.586736,1.236253
-0.637624,-0.071442,0.132772,0.096517,-0.152005,-0.326361,1.046952,3.969469,-1.586477,1.242859
-0.641025,-0.071896,0.132730,0.095808,-0.151992,-0.326145,1.046752,3.969971,-1.586218,1.249364
-0.644412,-0.072348,0.132687,0.095097,-0.151978,-0.325936,1.046551,3.970477,-1.585958,1.255830
-0.647760,-0.072795,0.132642,0.094390,-0.151963,-0.325736,1.046351,3.970982,-1.585698,1.262208
-0.651078,-0.073238,0.132596,0.093684,-0.151946,-0.325545,1.046152,3.971489,-1.585438,1.268515
-0.654382,-0.073679,0.132549,0.092975,-0.151927,-0.325362,1.045952,3.971999,-1.585176,1.274784
-0.657634,-0.074112,0.132501,0.092272,-0.151908,-0.325189,1.045754,3.972507,-1.584916,1.280939
-0.660872,-0.074544,0.132451,0.091567,-0.151887,-0.325024,1.045555,3.973019,-1.584655,1.287056
-0.664062,-0.074969,0.132400,0.090867,-0.151865,-0.324869,1.045358,3.973529,-1.584395,1.293067
-0.667243,-0.075392,0.132348,0.090163,-0.151841,-0.324722,1.045161,3.974044,-1.584134,1.299051
-0.670376,-0.075809,0.132295,0.089464,-0.151817,-0.324585,1.044965,3.974558,-1.583874,1.304930
-0.673476,-0.076222,0.132241,0.088767,-0.151791,-0.324457,1.044770,3.975073,-1.583615,1.310737
-0.676562,-0.076632,0.132186,0.088067,-0.151764,-0.324337,1.044575,3.975592,-1.583355,1.316503
-0.679595,-0.077036,0.132130,0.087373,-0.151735,-0.324228,1.044382,3.976109,-1.583098,1.322159
-0.682602,-0.077435,0.132073,0.086680,-0.151706,-0.324128,1.044190,3.976629,-1.582841,1.327753
-0.685571,-0.077830,0.132015,0.085989,-0.151675,-0.324038,1.043999,3.977149,-1.582586,1.333265
-0.688513,-0.078221,0.131956,0.085298,-0.151644,-0.323956,1.043808,3.977672,-1.582331,1.338716
-0.691428,-0.078607,0.131896,0.084608,-0.151611,-0.323885,1.043619,3.978198,-1.582077,1.344103
-0.694299,-0.078988,0.131835,0.083921,-0.151577,-0.323823,1.043431,3.978723,-1.581825,1.349399
-0.697145,-0.079366,0.131774,0.083235,-0.151542,-0.323771,1.043244,3.979252,-1.581574,1.354636
-0.699953,-0.079738,0.131711,0.082551,-0.151506,-0.323728,1.043058,3.979781,-1.581324,1.359792
-0.702718,-0.080104,0.131649,0.081870,-0.151469,-0.323695,1.042875,3.980310,-1.581077,1.364860
-0.705450,-0.080466,0.131585,0.081192,-0.151431,-0.323672,1.042692,3.980841,-1.580832,1.369855
-0.708150,-0.080823,0.131521,0.080514,-0.151392,-0.323659,1.042511,3.981375,-1.580588,1.374781
-0.710824,-0.081177,0.131456,0.079837,-0.151352,-0.323655,1.042331,3.981911,-1.580346,1.379648
-0.713448,-0.081524,0.131390,0.079165,-0.151312,-0.323661,1.042153,3.982446,-1.580106,1.384414
-0.716052,-0.081868,0.131324,0.078491,-0.151270,-0.323677,1.041976,3.982987,-1.579868,1.389135
-0.718608,-0.082206,0.131258,0.077823,-0.151227,-0.323703,1.041801,3.983526,-1.579633,1.393756
-0.721135,-0.082539,0.131190,0.077155,-0.151184,-0.323739,1.041627,3.984068,-1.579399,1.398316
-0.723618,-0.082867,0.131123,0.076491,-0.151140,-0.323785,1.041456,3.984610,-1.579168,1.402789
-0.726061,-0.083189,0.131055,0.075831,-0.151095,-0.323840,1.041287,3.985153,-1.578941,1.407179
-0.728479,-0.083508,0.130987,0.075170,-0.151049,-0.323905,1.041119,3.985700,-1.578714,1.411513
-0.730853,-0.083821,0.130918,0.074514,-0.151003,-0.323980,1.040953,3.986247,-1.578491,1.415760
-0.733220,-0.084132,0.130848,0.073852,-0.150955,-0.324066,1.040787,3.986803,-1.578268,1.419986
-0.735498,-0.084432,0.130780,0.073207,-0.150908,-0.324160,1.040627,3.987348,-1.578053,1.424043
-0.737766,-0.084730,0.130710,0.072557,-0.150859,-0.324264,1.040466,3.987901,-1.577837,1.428076
-0.739997,-0.085024,0.130640,0.071910,-0.150810,-0.324378,1.040308,3.988455,-1.577625,1.432033
-0.742193,-0.085312,0.130570,0.071265,-0.150760,-0.324502,1.040152,3.989012,-1.577415,1.435920
-0.744339,-0.085594,0.130500,0.070626,-0.150710,-0.324635,1.039998,3.989567,-1.577210,1.439710
-0.746458,-0.085872,0.130429,0.069988,-0.150659,-0.324778,1.039846,3.990125,-1.577006,1.443443
-0.748542,-0.086145,0.130359,0.069351,-0.150607,-0.324931,1.039696,3.990687,-1.576805,1.447110
-0.750579,-0.086412,0.130288,0.068721,-0.150555,-0.325093,1.039549,3.991247,-1.576609,1.450683
-0.752589,-0.086676,0.130217,0.068090,-0.150502,-0.325265,1.039403,3.991811,-1.576414,1.454203
-0.754559,-0.086934,0.130147,0.067463,-0.150449,-0.325446,1.039259,3.992376,-1.576223,1.457646
-0.756481,-0.087185,0.130076,0.066842,-0.150396,-0.325635,1.039119,3.992939,-1.576037,1.460998
-0.758379,-0.087434,0.130005,0.066221,-0.150342,-0.325835,1.038980,3.993508,-1.575852,1.464301
-0.760228,-0.087675,0.129935,0.065606,-0.150287,-0.326043,1.038844,3.994074,-1.575671,1.467510
-0.762050,-0.087913,0.129865,0.064992,-0.150232,-0.326262,1.038710,3.994645,-1.575493,1.470667
-0.763828,-0.088146,0.129794,0.064382,-0.150177,-0.326488,1.038579,3.995215,-1.575319,1.473742
-0.765569,-0.088373,0.129724,0.063777,-0.150122,-0.326724,1.038450,3.995786,-1.575149,1.476744
-0.767271,-0.088595,0.129654,0.063175,-0.150066,-0.326968,1.038323,3.996358,-1.574982,1.479675
-0.768938,-0.088812,0.129584,0.062576,-0.150010,-0.327222,1.038199,3.996931,-1.574818,1.482538
-0.770570,-0.089025,0.129515,0.061979,-0.149953,-0.327484,1.038077,3.997507,-1.574657,1.485337
-0.772160,-0.089232,0.129445,0.061388,-0.149897,-0.327755,1.037958,3.998081,-1.574501,1.488056
-0.773720,-0.089435,0.129376,0.060798,-0.149840,-0.328035,1.037841,3.998659,-1.574347,1.490719
-0.775233,-0.089632,0.129308,0.060216,-0.149783,-0.328322,1.037728,3.999234,-1.574197,1.493295
-0.776716,-0.089825,0.129239,0.059634,-0.149726,-0.328618,1.037616,3.999812,-1.574051,1.495817
-0.778160,-0.090013,0.129171,0.059057,-0.149668,-0.328922,1.037508,4.000390,-1.573908,1.498266
-0.779571,-0.090196,0.129103,0.058484,-0.149610,-0.329235,1.037401,4.000970,-1.573769,1.500652
-0.780938,-0.090373,0.129036,0.057916,-0.149553,-0.329554,1.037298,4.001548,-1.573634,1.502960
-0.782272,-0.090546,0.128970,0.057352,-0.149495,-0.329882,1.037198,4.002127,-1.573502,1.505207
-0.783571,-0.090715,0.128903,0.056791,-0.149437,-0.330218,1.037100,4.002707,-1.573373,1.507391
-0.784839,-0.090879,0.128837,0.056232,-0.149379,-0.330563,1.037004,4.003289,-1.573248,1.509516
-0.786064,-0.091038,0.128772,0.055680,-0.149321,-0.330913,1.036912,4.003868,-1.573127,1.511567
-0.787256,-0.091192,0.128707,0.055131,-0.149263,-0.331272,1.036822,4.004449,-1.573009,1.513556
-0.788410,-0.091342,0.128642,0.054588,-0.149206,-0.331636,1.036735,4.005027,-1.572895,1.515476
-0.789534,-0.091487,0.128578,0.054047,-0.149148,-0.332009,1.036651,4.005608,-1.572784,1.517343
-0.790617,-0.091627,0.128515,0.053513,-0.149090,-0.332387,1.036571,4.006185,-1.572677,1.519138
-0.791668,-0.091763,0.128453,0.052983,-0.149032,-0.332772,1.036495,4.006762,-1.572573,1.520877
-0.792688,-0.091895,0.128391,0.052457,-0.148975,-0.333163,1.036422,4.007336,-1.572472,1.522559
-0.793667,-0.092021,0.128330,0.051941,-0.148919,-0.333557,1.036355,4.007902,-1.572376,1.524172
-0.794617,-0.092144,0.128270,0.051430,-0.148862,-0.333955,1.036294,4.008465,-1.572282,1.525734
-0.795531,-0.092261,0.128210,0.050928,-0.148807,-0.334355,1.036238,4.009019,-1.572192,1.527233
-0.796410,-0.092375,0.128153,0.050434,-0.148753,-0.334755,1.036188,4.009564,-1.572105,1.528674
-0.797255,-0.092484,0.128096,0.049952,-0.148700,-0.335155,1.036144,4.010098,-1.572022,1.530057
-0.798064,-0.092588,0.128041,0.049480,-0.148648,-0.335552,1.036106,4.010619,-1.571942,1.531381
-0.798843,-0.092688,0.127987,0.049019,-0.148597,-0.335946,1.036075,4.011129,-1.571865,1.532654
-0.799587,-0.092784,0.127935,0.048572,-0.148548,-0.336335,1.036049,4.011622,-1.571791,1.533868
-0.800301,-0.092876,0.127884,0.048136,-0.148500,-0.336719,1.036029,4.012103,-1.571720,1.535034
-0.800978,-0.092963,0.127835,0.047718,-0.148454,-0.337093,1.036014,4.012563,-1.571653,1.536138
-0.801627,-0.093046,0.127788,0.047312,-0.148409,-0.337460,1.036004,4.013009,-1.571589,1.537197
-0.802244,-0.093125,0.127742,0.046922,-0.148367,-0.337816,1.035998,4.013436,-1.571528,1.538203
-0.802829,-0.093201,0.127699,0.046548,-0.148326,-0.338161,1.035997,4.013845,-1.571470,1.539158
-0.803383,-0.093272,0.127658,0.046191,-0.148287,-0.338493,1.035999,4.014233,-1.571414,1.540062
-0.803909,-0.093339,0.127618,0.045850,-0.148250,-0.338813,1.036004,4.014603,-1.571362,1.540919
-0.804404,-0.093403,0.127581,0.045527,-0.148216,-0.339118,1.036012,4.014952,-1.571313,1.541728
-0.804870,-0.093463,0.127546,0.045221,-0.148183,-0.339408,1.036023,4.015281,-1.571266,1.542490
-0.805311,-0.093519,0.127512,0.044932,-0.148152,-0.339685,1.036036,4.015591,-1.571222,1.543209
-0.805722,-0.093572,0.127481,0.044661,-0.148123,-0.339945,1.036051,4.015880,-1.571181,1.543883
-0.806106,-0.093621,0.127452,0.044408,-0.148097,-0.340188,1.036067,4.016148,-1.571142,1.544511
-0.806465,-0.093667,0.127425,0.044171,-0.148072,-0.340417,1.036084,4.016397,-1.571106,1.545100
-0.806799,-0.093710,0.127400,0.043952,-0.148049,-0.340629,1.036103,4.016626,-1.571072,1.545648
-0.807109,-0.093750,0.127376,0.043749,-0.148028,-0.340825,1.036121,4.016837,-1.571041,1.546158
-0.807395,-0.093786,0.127355,0.043563,-0.148009,-0.341005,1.036141,4.017028,-1.571012,1.546629
-0.807656,-0.093820,0.127336,0.043395,-0.147992,-0.341169,1.036161,4.017200,-1.570985,1.547059
-0.807896,-0.093850,0.127318,0.043241,-0.147976,-0.341318,1.036180,4.017355,-1.570961,1.547457
-0.808116,-0.093879,0.127302,0.043101,-0.147962,-0.341453,1.036200,4.017494,-1.570938,1.547822
-0.808314,-0.093904,0.127288,0.042978,-0.147950,-0.341573,1.036220,4.017615,-1.570918,1.548151
-0.808494,-0.093927,0.127275,0.042867,-0.147939,-0.341680,1.036239,4.017721,-1.570900,1.548450
-0.808653,-0.093947,0.127264,0.042770,-0.147930,-0.341773,1.036258,4.017813,-1.570883,1.548716
-0.808796,-0.093965,0.127254,0.042686,-0.147922,-0.341854,1.036277,4.017891,-1.570868,1.548955
-0.808921,-0.093982,0.127245,0.042613,-0.147915,-0.341924,1.036294,4.017957,-1.570855,1.549167
-0.809031,-0.093996,0.127238,0.042550,-0.147910,-0.341983,1.036312,4.018011,-1.570844,1.549353
-0.809126,-0.094008,0.127232,0.042498,-0.147905,-0.342033,1.036328,4.018055,-1.570834,1.549515
-0.809207,-0.094018,0.127227,0.042454,-0.147901,-0.342073,1.036343,4.018090,-1.570825,1.549653
-0.809275,-0.094027,0.127222,0.042419,-0.147898,-0.342106,1.036356,4.018116,-1.570818,1.549770
-0.809331,-0.094034,0.127219,0.042391,-0.147896,-0.342132,1.036369,4.018136,-1.570812,1.549867
-0.809377,-0.094040,0.127216,0.042369,-0.147894,-0.342152,1.036380,4.018150,-1.570807,1.549947
-0.809413,-0.094044,0.127214,0.042353,-0.147893,-0.342167,1.036390,4.018160,-1.570803,1.550010
-0.809441,-0.094048,0.127213,0.042341,-0.147892,-0.342178,1.036398,4.018166,-1.570800,1.550059
-0.809461,-0.094051,0.127212,0.042332,-0.147892,-0.342185,1.036404,4.018169,-1.570798,1.550094
-0.809474,-0.094052,0.127211,0.042327,-0.147891,-0.342190,1.036409,4.018171,-1.570796,1.550119
-0.809483,-0.094053,0.127211,0.042324,-0.147891,-0.342193,1.036411,4.018172,-1.570795,1.550134
-0.809487,-0.094054,0.127211,0.042322,-0.147891,-0.342194,1.036413,4.018172,-1.570795,1.550142
-0.809488,-0.094054,0.127210,0.042322,-0.147891,-0.342195,1.036413,4.018173,-1.570795,1.550143
-0.809487,-0.094054,0.127210,0.042321,-0.147891,-0.342195,1.036412,4.018174,-1.570795,1.550141
-0.809485,-0.094054,0.127210,0.042321,-0.147891,-0.342195,1.036410,4.018176,-1.570795,1.550137
